Workbook

Sheet Final_Partner_Rank
A1: NBFC Partner Ranking | R1: NBFC Partner Ranking
A2: NBFC Name | B2: Loan Disbursed (₹ Cr) | C2: Growth (%) | D2: Interest Rate (%) | E2: Processing Fees (%) | F2: NPA (%) | G2: Write-off (Cr) | H2: Credit Rating_num | I2: Weighed Score | J2: Rank | R2: NBFC Name | S2: Weighed Score | T2: Rank
A3: Aditya Birla Capital | B3: 0.76868419 | C3: 0.74285714 | D3: 0.79589041 | E3: 0.99851412 | F3: 0 | G3: 0.57762211 | H3: 10 | I3: 2.0047498 | J3: 1 | R3: Aditya Birla Capital | S3: 2.0047498 | T3: 1
A4: Tata Capital | B4: 0.74293744 | C4: 0.62857143 | D4: 0.65890411 | E4: 0.99257058 | F4: 0.52116845 | G4: 0.85875876 | H4: 10 | I4: 1.7493701 | J4: 2 | R4: Tata Capital | S4: 1.7493701 | T4: 2
A5: Hero FinCorp | B5: 0.54902683 | C5: 0.28514286 | D5: 0.76027397 | E5: 0.99554235 | F5: 0.045039248 | G5: 0.71185587 | H5: 8 | I5: 1.66909 | J5: 3 | R5: Hero FinCorp | S5: 1.66909 | T5: 3
A6: Bajaj Finserv | B6: 1 | C6: 0.42857143 | D6: 0.79452055 | E6: 0 | F6: 0.64341784 | G6: 0 | H6: 10 | I6: 1.5776282 | J6: 4 | R6: Bajaj Finserv | S6: 1.5776282 | T6: 4
A7: Muthoot Finance | B7: 0.049640429 | C7: 0.25714286 | D7: 0.52054795 | E7: 0.99257058 | F7: 0.070775962 | G7: 0.94868535 | H7: 8 | I7: 1.5227215 | J7: 5 | R7: Muthoot Finance | S7: 1.5227215 | T7: 5
A8: IIFL Finance | B8: 0.21672435 | C8: 0.42857143 | D8: 0.55479452 | E8: 1 | F8: 0.26380131 | G8: 0.95765761 | H8: 8 | I8: 1.5058079 | J8: 6 | R8: IIFL Finance | S8: 1.5058079 | T8: 6
A9: Poonawalla Fincorp | B9: 0.38688855 | C9: 0.73142857 | D9: 0.93287671 | E9: 0.99851412 | F9: 1 | G9: 0.9612921 | H9: 10 | I9: 1.496132 | J9: 7 | R9: Poonawalla Fincorp | S9: 1.496132 | T9: 7
A10: L&T Finance | B10: 0.16518175 | C10: 0.082857143 | D10: 1 | E10: 0.99851412 | F10: 0.69489126 | G10: 0.27828423 | H10: 10 | I10: 1.4254336 | J10: 8 | R10: L&T Finance | S10: 1.4254336 | T10: 8
A11: InCred Financial Services | B11: 0.092629409 | C11: 1 | D11: 0.38493151 | E11: 0.99257058 | F11: 0.99440226 | G11: 0.99042798 | H11: 8 | I11: 1.2021476 | J11: 9 | R11: InCred Financial Services | S11: 1.2021476 | T11: 9
A12: Vivriti Capital | B12: 0.060744668 | C12: 0.44571429 | D12: 0.52054795 | E12: 0.99554235 | F12: 0.45682666 | G12: 1 | H12: 6 | I12: 1.1791525 | J12: 10 | R12: Vivriti Capital | S12: 1.1791525 | T12: 10
A13: Northern Arc Capital | B13: 0 | C13: 0 | D13: 0 | E13: 0.99554235 | F13: 0.81070647 | G13: 0.97975242 | H13: 8 | I13: 1.0676186 | J13: 11 | R13: Northern Arc Capital | S13: 1.0676186 | T13: 11
B15: LEGEND
C16: Existing Partners
C17: Potential New Partners

Sheet Visuals

Sheet Normalized Data
A1: Normalized Data For Ranking
A2: NBFC Name | B2: Loan Disbursed (₹ Cr) | C2: Growth (%) | D2: Interest Rate (%) | E2: Processing Fees (%) | F2: NPA (%) | G2: Write-off (Cr) | H2: Crredit Rating_num | I2: Weighed Score | J2: Rank
A3: Poonawalla Fincorp | B3: 0.38688855 | C3: 0.73142857 | D3: 0.93287671 | E3: 0.99851412 | F3: =(MAX($H$26:$H$36)-H26)/(MAX($H$26:$H$36)-MIN($H$26:$H$36)) -> 1 | G3: 0.9612921 | H3: 10 | I3: 1.496132 | J3: 7
A4: InCred Financial Services | B4: 0.092629409 | C4: 1 | D4: 0.38493151 | E4: 0.99257058 | F4: =(MAX($H$26:$H$36)-H27)/(MAX($H$26:$H$36)-MIN($H$26:$H$36)) -> 0.99440226 | G4: 0.99042798 | H4: 8 | I4: 1.2021476 | J4: 9
A5: Vivriti Capital | B5: 0.060744668 | C5: 0.44571429 | D5: 0.52054795 | E5: 0.99554235 | F5: =(MAX($H$26:$H$36)-H28)/(MAX($H$26:$H$36)-MIN($H$26:$H$36)) -> 0.45682666 | G5: 1 | H5: 6 | I5: 1.1791525 | J5: 10
A6: Northern Arc Capital | B6: 0 | C6: 0 | D6: 0 | E6: 0.99554235 | F6: =(MAX($H$26:$H$36)-H29)/(MAX($H$26:$H$36)-MIN($H$26:$H$36)) -> 0.81070647 | G6: 0.97975242 | H6: 8 | I6: 1.0676186 | J6: 11
A7: L&T Finance | B7: 0.16518175 | C7: 0.082857143 | D7: 1 | E7: 0.99851412 | F7: =(MAX($H$26:$H$36)-H30)/(MAX($H$26:$H$36)-MIN($H$26:$H$36)) -> 0.69489126 | G7: 0.27828423 | H7: 10 | I7: 1.4254336 | J7: 8
A8: Aditya Birla Capital | B8: 0.76868419 | C8: 0.74285714 | D8: 0.79589041 | E8: 0.99851412 | F8: =(MAX($H$26:$H$36)-H31)/(MAX($H$26:$H$36)-MIN($H$26:$H$36)) -> 0 | G8: 0.57762211 | H8: 10 | I8: 2.0047498 | J8: 1
A9: Muthoot Finance | B9: 0.049640429 | C9: 0.25714286 | D9: 0.52054795 | E9: 0.99257058 | F9: =(MAX($H$26:$H$36)-H32)/(MAX($H$26:$H$36)-MIN($H$26:$H$36)) -> 0.070775962 | G9: 0.94868535 | H9: 8 | I9: 1.5227215 | J9: 5
A10: Tata Capital | B10: 0.74293744 | C10: 0.62857143 | D10: 0.65890411 | E10: 0.99257058 | F10: =(MAX($H$26:$H$36)-H33)/(MAX($H$26:$H$36)-MIN($H$26:$H$36)) -> 0.52116845 | G10: 0.85875876 | H10: 10 | I10: 1.7493701 | J10: 2
A11: IIFL Finance | B11: 0.21672435 | C11: 0.42857143 | D11: 0.55479452 | E11: 1 | F11: =(MAX($H$26:$H$36)-H34)/(MAX($H$26:$H$36)-MIN($H$26:$H$36)) -> 0.26380131 | G11: 0.95765761 | H11: 8 | I11: 1.5058079 | J11: 6
A12: Hero FinCorp | B12: 0.54902683 | C12: 0.28514286 | D12: 0.76027397 | E12: 0.99554235 | F12: =(MAX($H$26:$H$36)-H35)/(MAX($H$26:$H$36)-MIN($H$26:$H$36)) -> 0.045039248 | G12: 0.71185587 | H12: 8 | I12: 1.66909 | J12: 3
A13: Bajaj Finserv | B13: 1 | C13: 0.42857143 | D13: 0.79452055 | E13: 0 | F13: =(MAX($H$26:$H$36)-H36)/(MAX($H$26:$H$36)-MIN($H$26:$H$36)) -> 0.64341784 | G13: 0 | H13: 10 | I13: 1.5776282 | J13: 4
A15: Parameter | B15: Weight (%) | C15: Explanation
A16: Loan Disbursed (₹ Cr) | B16: 0.25 | C16: Higher is better.
A17: Growth (%) | B17: 0.15 | C17: Higher is better.
A18: Interest Rate (%) | B18: 0.12 | C18: Lower is better.
A19: Processing Fees (%) | B19: 0.08 | C19: Lower is better.
A20: NPA (%) | B20: 0.15 | C20: Lower is better.
A21: Write-off % | B21: 0.1 | C21: Lower is better.
A22: Credit Rating | B22: 0.1 | C22: Higher (AAA) is better.
A25: NBFC Name | B25: Loan Disbursed (₹ Cr) | C25: Growth (%) | D25: Interest Rate (%) | E25: Processing Fees (%) | F25: Min Tenure (Months) | G25: Max Tenure (Months) | H25: NPA (%) | I25: Write-off (Cr) | J25: Write-off% | K25: Credit Rating
A26: Poonawalla Fincorp | B26: 33276 | C26: 38.6 | D26: 9.99 | E26: 0.03 | F26: 12 | G26: 84 | H26: 0.0116 | I26: 174.95 | J26: 0.005257543 | K26: AAA
A27: InCred Financial Services | B27: 9298 | C27: 48 | D27: 13.99 | E27: 0.05 | F27: 12 | G27: 60 | H27: 0.029 | I27: 53.5 | J27: =I27/B27 -> 0.0057539256 | K27: AA
A28: Vivriti Capital | B28: 6699.84 | C28: 28.6 | D28: 13 | E28: 0.04 | F28: 12 | G28: 48 | H28: 1.7 | I28: 13.6 | J28: 0.0020298992 | K28: A
A29: Northern Arc Capital | B29: 1750 | C29: 13 | D29: 16.8 | E29: 0.04 | F29: 12 | G29: 180 | H29: 0.6 | I29: 98 | J29: 0.056 | K29: AA
A30: L&T Finance | B30: 15210 | C30: 15.9 | D30: 9.5 | E30: 0.03 | F30: 12 | G30: 72 | H30: 0.96 | I30: 3022 | J30: 0.19868508 | K30: AAA
A31: Aditya Birla Capital | B31: 64387 | C31: 39 | D31: 10.99 | E31: 0.03 | F31: 12 | G31: 48 | H31: 3.12 | I31: 1774.24 | J31: 0.027555873 | K31: AAA
A32: Muthoot Finance | B32: 5795 | C32: 22 | D32: 13 | E32: 0.05 | F32: 12 | G32: 36 | H32: 2.9 | I32: 227.5 | J32: 0.039257981 | K32: AA
A33: Tata Capital | B33: 62289 | C33: 35 | D33: 11.99 | E33: 0.05 | F33: 12 | G33: 72 | H33: 1.5 | I33: 602.35 | J33: 0.0096702468 | K33: AAA
A34: IIFL Finance | B34: 19410 | C34: 28 | D34: 12.75 | E34: 0.025 | F34: 3 | G34: 42 | H34: 2.3 | I34: 190.1 | J34: 0.0097939207 | K34: AA
A35: Hero FinCorp | B35: 46488 | C35: 22.98 | D35: 11.25 | E35: 0.04 | F35: 12 | G35: 96 | H35: 2.98 | I35: 1214.7 | J35: 0.026129324 | K35: AA
A36: Bajaj Finserv | B36: 83236 | C36: 28 | D36: 11 | E36: 3.39 | F36: 12 | G36: 96 | H36: 1.12 | I36: 4182 | J36: 0.050242683 | K36: AAA

Sheet Data
A1: NBFC Name | B1: Loan Disbursed (₹ Cr) | C1: Growth (%) | D1: Interest Rate (%) | E1: Processing Fees (%) | F1: Min Tenure (Months) | G1: Max Tenure (Months) | H1: NPA (%) | I1: Write-off (Cr) | J1: Write-off% | K1: Credit Rating
A2: Poonawalla Fincorp | B2: 33276 | C2: 38.6 | D2: 9.99 | E2: 0.03 | F2: 12 | G2: 84 | H2: 0.0116 | I2: 174.95 | J2: =I2/B2 -> 0.005257543 | K2: AAA
A3: InCred Financial Services | B3: 9298 | C3: 48 | D3: 13.99 | E3: 0.05 | F3: 12 | G3: 60 | H3: 0.029 | I3: 53.5 | K3: AA
A4: Vivriti Capital | B4: 6699.84 | C4: 28.6 | D4: 13 | E4: 0.04 | F4: 12 | G4: 48 | H4: 1.7 | I4: 13.6 | J4: =I4/B4 -> 0.0020298992 | K4: A
A5: Northern Arc Capital | B5: 1750 | C5: 13 | D5: 16.8 | E5: 0.04 | F5: 12 | G5: 180 | H5: 0.6 | I5: 98 | J5: =I5/B5 -> 0.056 | K5: AA
A6: L&T Finance | B6: 15210 | C6: 15.9 | D6: 9.5 | E6: 0.03 | F6: 12 | G6: 72 | H6: 0.96 | I6: 3022 | J6: =I6/B6 -> 0.19868508 | K6: AAA
A7: Aditya Birla Capital | B7: 64387 | C7: 39 | D7: 10.99 | E7: 0.03 | F7: 12 | G7: 48 | H7: 3.12 | I7: 1774.24 | J7: =I7/B7 -> 0.027555873 | K7: AAA
A8: Muthoot Finance | B8: 5795 | C8: 22 | D8: 13 | E8: 0.05 | F8: 12 | G8: 36 | H8: 2.9 | I8: 227.5 | J8: =I8/B8 -> 0.039257981 | K8: AA
A9: Tata Capital | B9: 62289 | C9: 35 | D9: 11.99 | E9: 0.05 | F9: 12 | G9: 72 | H9: 1.5 | I9: 602.35 | J9: =I9/B9 -> 0.0096702468 | K9: AAA
A10: IIFL Finance | B10: 19410 | C10: 28 | D10: 12.75 | E10: 0.025 | F10: 3 | G10: 42 | H10: 2.3 | I10: 190.1 | J10: =I10/B10 -> 0.0097939207 | K10: AA
A11: Hero FinCorp | B11: 46488 | C11: 22.98 | D11: 11.25 | E11: 0.04 | F11: 12 | G11: 96 | H11: 2.98 | I11: 1214.7 | J11: =I11/B11 -> 0.026129324 | K11: AA
A12: Bajaj Finserv | B12: 83236 | C12: 28 | D12: 11 | E12: 3.39 | F12: 12 | G12: 96 | H12: 1.12 | I12: 4182 | J12: =I12/B12 -> 0.050242683 | K12: AAA
C16: Weighted Score= (Loan Disbursed×0.3) + (Growth×0.15) + (Interest Rate×0.15) + (Processing Fee×0.08) + (NPA×0.2) + (Write-off Amount×0.1) + (Credit Rating Score×0.1)
A19: Normalized Data For Ranking
A20: NBFC Name | B20: Loan Disbursed (₹ Cr) | C20: Growth (%) | D20: Interest Rate (%) | E20: Processing Fees (%) | F20: NPA (%) | G20: Write-off (Cr) | H20: Crredit Rating_num | I20: Weighed Score | J20: Rank
A21: Poonawalla Fincorp | B21: =('Normalized Data'!B26-MIN('Normalized Data'!$B$26:$B$36))/(MAX('Normalized Data'!$B$26:$B$36)-MIN('Normalized Data'!$B$26:$B$36)) -> 0.38688855 | C21: =('Normalized Data'!C26-MIN('Normalized Data'!$C$26:$C$36))/(MAX('Normalized Data'!$C$26:$C$36)-MIN('Normalized Data'!$C$26:$C$36)) -> 0.73142857 | D21: =(MAX('Normalized Data'!$D$26:$D$36)-'Normalized Data'!D26)/(MAX('Normalized Data'!$D$26:$D$36)-MIN('Normalized Data'!$D$26:$D$36)) -> 0.93287671 | E21: =(MAX('Normalized Data'!$E$26:$E$36)-'Normalized Data'!E26)/(MAX('Normalized Data'!$E$26:$E$36)-MIN('Normalized Data'!$E$26:$E$36)) -> 0.99851412 | F21: =(MAX('Normalized Data'!$F$26:$F$36)-'Normalized Data'!F26)/(MAX('Normalized Data'!$F$26:$F$36)-MIN('Normalized Data'!$F$26:$F$36)) -> 0 | G21: =(MAX('Normalized Data'!$I$26:$I$36)-'Normalized Data'!I26)/(MAX('Normalized Data'!$I$26:$I$36)-MIN('Normalized Data'!$I$26:$I$36)) -> 0.9612921 | H21: {=_xlfn.IFS('Normalized Data'!K26="AAA",10,'Normalized Data'!K26="AA",8,'Normalized Data'!K26="A",6)} -> 10 | I21: =(B21*0.25) + (C21*0.15) + (D21*0.12) + (E21*0.08) + (F21*0.15) + (G21*0.1) + (H21*0.1) -> 1.494392 | J21: =_xlfn.RANK.EQ(I21, I$21:I$31, 0) - COUNTIF(I$21:I21, I21) + 1 -> 7
A22: InCred Financial Services | B22: =('Normalized Data'!B27-MIN('Normalized Data'!$B$26:$B$36))/(MAX('Normalized Data'!$B$26:$B$36)-MIN('Normalized Data'!$B$26:$B$36)) -> 0.092629409 | C22: =('Normalized Data'!C27-MIN('Normalized Data'!$C$26:$C$36))/(MAX('Normalized Data'!$C$26:$C$36)-MIN('Normalized Data'!$C$26:$C$36)) -> 1 | D22: =(MAX('Normalized Data'!$D$26:$D$36)-'Normalized Data'!D27)/(MAX('Normalized Data'!$D$26:$D$36)-MIN('Normalized Data'!$D$26:$D$36)) -> 0.38493151 | E22: =(MAX('Normalized Data'!$E$26:$E$36)-'Normalized Data'!E27)/(MAX('Normalized Data'!$E$26:$E$36)-MIN('Normalized Data'!$E$26:$E$36)) -> 0.99257058 | F22: 0.029 | G22: =(MAX('Normalized Data'!$I$26:$I$36)-'Normalized Data'!I27)/(MAX('Normalized Data'!$I$26:$I$36)-MIN('Normalized Data'!$I$26:$I$36)) -> 0.99042798 | H22: {=_xlfn.IFS('Normalized Data'!K27="AAA",10,'Normalized Data'!K27="AA",8,'Normalized Data'!K27="A",6)} -> 8 | I22: =(B22*0.25) + (C22*0.15) + (D22*0.12) + (E22*0.08) + (F22*0.15) + (G22*0.1) + (H22*0.1) -> 1.2021476 | J22: =_xlfn.RANK.EQ(I22, I$21:I$31, 0) - COUNTIF(I$21:I22, I22) + 1 -> 9
A23: Vivriti Capital | B23: =('Normalized Data'!B28-MIN('Normalized Data'!$B$26:$B$36))/(MAX('Normalized Data'!$B$26:$B$36)-MIN('Normalized Data'!$B$26:$B$36)) -> 0.060744668 | C23: =('Normalized Data'!C28-MIN('Normalized Data'!$C$26:$C$36))/(MAX('Normalized Data'!$C$26:$C$36)-MIN('Normalized Data'!$C$26:$C$36)) -> 0.44571429 | D23: =(MAX('Normalized Data'!$D$26:$D$36)-'Normalized Data'!D28)/(MAX('Normalized Data'!$D$26:$D$36)-MIN('Normalized Data'!$D$26:$D$36)) -> 0.52054795 | E23: =(MAX('Normalized Data'!$E$26:$E$36)-'Normalized Data'!E28)/(MAX('Normalized Data'!$E$26:$E$36)-MIN('Normalized Data'!$E$26:$E$36)) -> 0.99554235 | F23: 1.7 | G23: =(MAX('Normalized Data'!$I$26:$I$36)-'Normalized Data'!I28)/(MAX('Normalized Data'!$I$26:$I$36)-MIN('Normalized Data'!$I$26:$I$36)) -> 1 | H23: {=_xlfn.IFS('Normalized Data'!K28="AAA",10,'Normalized Data'!K28="AA",8,'Normalized Data'!K28="A",6)} -> 6 | I23: =(B23*0.25) + (C23*0.15) + (D23*0.12) + (E23*0.08) + (F23*0.15) + (G23*0.1) + (H23*0.1) -> 1.1791525 | J23: =_xlfn.RANK.EQ(I23, I$21:I$31, 0) - COUNTIF(I$21:I23, I23) + 1 -> 10
A24: Northern Arc Capital | B24: =('Normalized Data'!B29-MIN('Normalized Data'!$B$26:$B$36))/(MAX('Normalized Data'!$B$26:$B$36)-MIN('Normalized Data'!$B$26:$B$36)) -> 0 | C24: =('Normalized Data'!C29-MIN('Normalized Data'!$C$26:$C$36))/(MAX('Normalized Data'!$C$26:$C$36)-MIN('Normalized Data'!$C$26:$C$36)) -> 0 | D24: =(MAX('Normalized Data'!$D$26:$D$36)-'Normalized Data'!D29)/(MAX('Normalized Data'!$D$26:$D$36)-MIN('Normalized Data'!$D$26:$D$36)) -> 0 | E24: =(MAX('Normalized Data'!$E$26:$E$36)-'Normalized Data'!E29)/(MAX('Normalized Data'!$E$26:$E$36)-MIN('Normalized Data'!$E$26:$E$36)) -> 0.99554235 | F24: 0.6 | G24: =(MAX('Normalized Data'!$I$26:$I$36)-'Normalized Data'!I29)/(MAX('Normalized Data'!$I$26:$I$36)-MIN('Normalized Data'!$I$26:$I$36)) -> 0.97975242 | H24: {=_xlfn.IFS('Normalized Data'!K29="AAA",10,'Normalized Data'!K29="AA",8,'Normalized Data'!K29="A",6)} -> 8 | I24: =(B24*0.25) + (C24*0.15) + (D24*0.12) + (E24*0.08) + (F24*0.15) + (G24*0.1) + (H24*0.1) -> 1.0676186 | J24: =_xlfn.RANK.EQ(I24, I$21:I$31, 0) - COUNTIF(I$21:I24, I24) + 1 -> 11
A25: L&T Finance | B25: =('Normalized Data'!B30-MIN('Normalized Data'!$B$26:$B$36))/(MAX('Normalized Data'!$B$26:$B$36)-MIN('Normalized Data'!$B$26:$B$36)) -> 0.16518175 | C25: =('Normalized Data'!C30-MIN('Normalized Data'!$C$26:$C$36))/(MAX('Normalized Data'!$C$26:$C$36)-MIN('Normalized Data'!$C$26:$C$36)) -> 0.082857143 | D25: =(MAX('Normalized Data'!$D$26:$D$36)-'Normalized Data'!D30)/(MAX('Normalized Data'!$D$26:$D$36)-MIN('Normalized Data'!$D$26:$D$36)) -> 1 | E25: =(MAX('Normalized Data'!$E$26:$E$36)-'Normalized Data'!E30)/(MAX('Normalized Data'!$E$26:$E$36)-MIN('Normalized Data'!$E$26:$E$36)) -> 0.99851412 | F25: 0.96 | G25: =(MAX('Normalized Data'!$I$26:$I$36)-'Normalized Data'!I30)/(MAX('Normalized Data'!$I$26:$I$36)-MIN('Normalized Data'!$I$26:$I$36)) -> 0.27828423 | H25: {=_xlfn.IFS('Normalized Data'!K30="AAA",10,'Normalized Data'!K30="AA",8,'Normalized Data'!K30="A",6)} -> 10 | I25: =(B25*0.25) + (C25*0.15) + (D25*0.12) + (E25*0.08) + (F25*0.15) + (G25*0.1) + (H25*0.1) -> 1.4254336 | J25: =_xlfn.RANK.EQ(I25, I$21:I$31, 0) - COUNTIF(I$21:I25, I25) + 1 -> 8
A26: Aditya Birla Capital | B26: =('Normalized Data'!B31-MIN('Normalized Data'!$B$26:$B$36))/(MAX('Normalized Data'!$B$26:$B$36)-MIN('Normalized Data'!$B$26:$B$36)) -> 0.76868419 | C26: =('Normalized Data'!C31-MIN('Normalized Data'!$C$26:$C$36))/(MAX('Normalized Data'!$C$26:$C$36)-MIN('Normalized Data'!$C$26:$C$36)) -> 0.74285714 | D26: =(MAX('Normalized Data'!$D$26:$D$36)-'Normalized Data'!D31)/(MAX('Normalized Data'!$D$26:$D$36)-MIN('Normalized Data'!$D$26:$D$36)) -> 0.79589041 | E26: =(MAX('Normalized Data'!$E$26:$E$36)-'Normalized Data'!E31)/(MAX('Normalized Data'!$E$26:$E$36)-MIN('Normalized Data'!$E$26:$E$36)) -> 0.99851412 | F26: 3.12 | G26: =(MAX('Normalized Data'!$I$26:$I$36)-'Normalized Data'!I31)/(MAX('Normalized Data'!$I$26:$I$36)-MIN('Normalized Data'!$I$26:$I$36)) -> 0.57762211 | H26: {=_xlfn.IFS('Normalized Data'!K31="AAA",10,'Normalized Data'!K31="AA",8,'Normalized Data'!K31="A",6)} -> 10 | I26: =(B26*0.25) + (C26*0.15) + (D26*0.12) + (E26*0.08) + (F26*0.15) + (G26*0.1) + (H26*0.1) -> 2.0047498 | J26: =_xlfn.RANK.EQ(I26, I$21:I$31, 0) - COUNTIF(I$21:I26, I26) + 1 -> 1
A27: Muthoot Finance | B27: =('Normalized Data'!B32-MIN('Normalized Data'!$B$26:$B$36))/(MAX('Normalized Data'!$B$26:$B$36)-MIN('Normalized Data'!$B$26:$B$36)) -> 0.049640429 | C27: =('Normalized Data'!C32-MIN('Normalized Data'!$C$26:$C$36))/(MAX('Normalized Data'!$C$26:$C$36)-MIN('Normalized Data'!$C$26:$C$36)) -> 0.25714286 | D27: =(MAX('Normalized Data'!$D$26:$D$36)-'Normalized Data'!D32)/(MAX('Normalized Data'!$D$26:$D$36)-MIN('Normalized Data'!$D$26:$D$36)) -> 0.52054795 | E27: =(MAX('Normalized Data'!$E$26:$E$36)-'Normalized Data'!E32)/(MAX('Normalized Data'!$E$26:$E$36)-MIN('Normalized Data'!$E$26:$E$36)) -> 0.99257058 | F27: 2.9 | G27: =(MAX('Normalized Data'!$I$26:$I$36)-'Normalized Data'!I32)/(MAX('Normalized Data'!$I$26:$I$36)-MIN('Normalized Data'!$I$26:$I$36)) -> 0.94868535 | H27: {=_xlfn.IFS('Normalized Data'!K32="AAA",10,'Normalized Data'!K32="AA",8,'Normalized Data'!K32="A",6)} -> 8 | I27: =(B27*0.25) + (C27*0.15) + (D27*0.12) + (E27*0.08) + (F27*0.15) + (G27*0.1) + (H27*0.1) -> 1.5227215 | J27: =_xlfn.RANK.EQ(I27, I$21:I$31, 0) - COUNTIF(I$21:I27, I27) + 1 -> 5
A28: Tata Capital | B28: =('Normalized Data'!B33-MIN('Normalized Data'!$B$26:$B$36))/(MAX('Normalized Data'!$B$26:$B$36)-MIN('Normalized Data'!$B$26:$B$36)) -> 0.74293744 | C28: =('Normalized Data'!C33-MIN('Normalized Data'!$C$26:$C$36))/(MAX('Normalized Data'!$C$26:$C$36)-MIN('Normalized Data'!$C$26:$C$36)) -> 0.62857143 | D28: =(MAX('Normalized Data'!$D$26:$D$36)-'Normalized Data'!D33)/(MAX('Normalized Data'!$D$26:$D$36)-MIN('Normalized Data'!$D$26:$D$36)) -> 0.65890411 | E28: =(MAX('Normalized Data'!$E$26:$E$36)-'Normalized Data'!E33)/(MAX('Normalized Data'!$E$26:$E$36)-MIN('Normalized Data'!$E$26:$E$36)) -> 0.99257058 | F28: 1.5 | G28: =(MAX('Normalized Data'!$I$26:$I$36)-'Normalized Data'!I33)/(MAX('Normalized Data'!$I$26:$I$36)-MIN('Normalized Data'!$I$26:$I$36)) -> 0.85875876 | H28: {=_xlfn.IFS('Normalized Data'!K33="AAA",10,'Normalized Data'!K33="AA",8,'Normalized Data'!K33="A",6)} -> 10 | I28: =(B28*0.25) + (C28*0.15) + (D28*0.12) + (E28*0.08) + (F28*0.15) + (G28*0.1) + (H28*0.1) -> 1.7493701 | J28: =_xlfn.RANK.EQ(I28, I$21:I$31, 0) - COUNTIF(I$21:I28, I28) + 1 -> 2
A29: IIFL Finance | B29: =('Normalized Data'!B34-MIN('Normalized Data'!$B$26:$B$36))/(MAX('Normalized Data'!$B$26:$B$36)-MIN('Normalized Data'!$B$26:$B$36)) -> 0.21672435 | C29: =('Normalized Data'!C34-MIN('Normalized Data'!$C$26:$C$36))/(MAX('Normalized Data'!$C$26:$C$36)-MIN('Normalized Data'!$C$26:$C$36)) -> 0.42857143 | D29: =(MAX('Normalized Data'!$D$26:$D$36)-'Normalized Data'!D34)/(MAX('Normalized Data'!$D$26:$D$36)-MIN('Normalized Data'!$D$26:$D$36)) -> 0.55479452 | E29: =(MAX('Normalized Data'!$E$26:$E$36)-'Normalized Data'!E34)/(MAX('Normalized Data'!$E$26:$E$36)-MIN('Normalized Data'!$E$26:$E$36)) -> 1 | F29: 2.3 | G29: =(MAX('Normalized Data'!$I$26:$I$36)-'Normalized Data'!I34)/(MAX('Normalized Data'!$I$26:$I$36)-MIN('Normalized Data'!$I$26:$I$36)) -> 0.95765761 | H29: {=_xlfn.IFS('Normalized Data'!K34="AAA",10,'Normalized Data'!K34="AA",8,'Normalized Data'!K34="A",6)} -> 8 | I29: =(B29*0.25) + (C29*0.15) + (D29*0.12) + (E29*0.08) + (F29*0.15) + (G29*0.1) + (H29*0.1) -> 1.5058079 | J29: =_xlfn.RANK.EQ(I29, I$21:I$31, 0) - COUNTIF(I$21:I29, I29) + 1 -> 6
A30: Hero FinCorp | B30: =('Normalized Data'!B35-MIN('Normalized Data'!$B$26:$B$36))/(MAX('Normalized Data'!$B$26:$B$36)-MIN('Normalized Data'!$B$26:$B$36)) -> 0.54902683 | C30: =('Normalized Data'!C35-MIN('Normalized Data'!$C$26:$C$36))/(MAX('Normalized Data'!$C$26:$C$36)-MIN('Normalized Data'!$C$26:$C$36)) -> 0.28514286 | D30: =(MAX('Normalized Data'!$D$26:$D$36)-'Normalized Data'!D35)/(MAX('Normalized Data'!$D$26:$D$36)-MIN('Normalized Data'!$D$26:$D$36)) -> 0.76027397 | E30: =(MAX('Normalized Data'!$E$26:$E$36)-'Normalized Data'!E35)/(MAX('Normalized Data'!$E$26:$E$36)-MIN('Normalized Data'!$E$26:$E$36)) -> 0.99554235 | F30: 2.98 | G30: =(MAX('Normalized Data'!$I$26:$I$36)-'Normalized Data'!I35)/(MAX('Normalized Data'!$I$26:$I$36)-MIN('Normalized Data'!$I$26:$I$36)) -> 0.71185587 | H30: {=_xlfn.IFS('Normalized Data'!K35="AAA",10,'Normalized Data'!K35="AA",8,'Normalized Data'!K35="A",6)} -> 8 | I30: =(B30*0.25) + (C30*0.15) + (D30*0.12) + (E30*0.08) + (F30*0.15) + (G30*0.1) + (H30*0.1) -> 1.66909 | J30: =_xlfn.RANK.EQ(I30, I$21:I$31, 0) - COUNTIF(I$21:I30, I30) + 1 -> 3
A31: Bajaj Finserv | B31: =('Normalized Data'!B36-MIN('Normalized Data'!$B$26:$B$36))/(MAX('Normalized Data'!$B$26:$B$36)-MIN('Normalized Data'!$B$26:$B$36)) -> 1 | C31: =('Normalized Data'!C36-MIN('Normalized Data'!$C$26:$C$36))/(MAX('Normalized Data'!$C$26:$C$36)-MIN('Normalized Data'!$C$26:$C$36)) -> 0.42857143 | D31: =(MAX('Normalized Data'!$D$26:$D$36)-'Normalized Data'!D36)/(MAX('Normalized Data'!$D$26:$D$36)-MIN('Normalized Data'!$D$26:$D$36)) -> 0.79452055 | E31: =(MAX('Normalized Data'!$E$26:$E$36)-'Normalized Data'!E36)/(MAX('Normalized Data'!$E$26:$E$36)-MIN('Normalized Data'!$E$26:$E$36)) -> 0 | F31: 1.12 | G31: =(MAX('Normalized Data'!$I$26:$I$36)-'Normalized Data'!I36)/(MAX('Normalized Data'!$I$26:$I$36)-MIN('Normalized Data'!$I$26:$I$36)) -> 0 | H31: {=_xlfn.IFS('Normalized Data'!K36="AAA",10,'Normalized Data'!K36="AA",8,'Normalized Data'!K36="A",6)} -> 10 | I31: =(B31*0.25) + (C31*0.15) + (D31*0.12) + (E31*0.08) + (F31*0.15) + (G31*0.1) + (H31*0.1) -> 1.5776282 | J31: =_xlfn.RANK.EQ(I31, I$21:I$31, 0) - COUNTIF(I$21:I31, I31) + 1 -> 4

Sheet QoQ%
A1: POONAWALLAH
A2: Quarter | B2: FY23 Disbursement (₹ Cr) | C2: FY24 Disbursement (₹ Cr) | D2: QoQ Growth FY23(%) | E2: QoQ Growth FY24(%) | F2: YoY Growth %
A3: Q1 | B3: 3436 | C3: 7050 | D3: - | E3: =((C3-B6)/B6) -> 0.10657668
A4: Q2 | B4: 3110 | C4: 7807 | D4: =((B4 - B3) / B3) -> -0.094877765 | E4: =(C4-C3)/C3 -> 0.10737589
A5: Q3 | B5: 3369 | C5: 8731 | D5: =((B5 - B4) / B4) -> 0.083279743 | E5: =(C5-C4)/C4 -> 0.11835532 | F5: =(C7-B7)/B7 -> 1.0432273
A6: Q4 | B6: 6371 | C6: 9688 | D6: =((B6 - B5) / B5) -> 0.8910656 | E6: =(C6-C5)/C5 -> 0.10960944
A7: Annual | B7: =SUM(B3:B6) -> 16286 | C7: =SUM(C3:C6) -> 33276 | D7: - | E7: -
B13: Vivriti Capital
B14: FY23 Disbursement (₹ Cr) | C14: FY24 Disbursement (₹ Cr) | D14: YoY Growth %
B15: 7236 | C15: 9298 | D15: =(C15-B15)/B15 -> 0.28496407
B19: Aditya Birla
B20: FY23 Disbursement (₹ Cr) | C20: FY24 Disbursement (₹ Cr) | D20: YoY Growth %
B21: 4533 | C21: 6699.84 | D21: =(C21-B21)/B21 -> 0.47801456
